Student_ID,Course_ID,Date,Time_Spent_Minutes,Completion_Percentage,Name,Age,Gender,Location,Enrolment_Date,Rating,Feedback_Text
S001,PY202,05-01-2024,90,46.1,Student_1,24,Female,Kolkata,24-11-2023,,
S001,DM101,28-01-2024,155,88.87,Student_1,24,Female,Kolkata,24-11-2023,,
S001,UX303,28-01-2024,177,54.93,Student_1,24,Female,Kolkata,24-11-2023,,
S002,PY202,03-02-2024,45,32.2,Student_2,32,Other,Chennai,27-02-2023,3.0,Well structured
S002,UX303,15-03-2024,119,90.8,Student_2,32,Other,Chennai,27-02-2023,,
S002,WD404,16-02-2024,66,99.76,Student_2,32,Other,Chennai,27-02-2023,,
S002,PY202,06-03-2024,136,18.18,Student_2,32,Other,Chennai,27-02-2023,3.0,Well structured
S002,DM101,15-01-2024,49,66.47,Student_2,32,Other,Chennai,27-02-2023,,
S002,WD404,17-03-2024,26,44.63,Student_2,32,Other,Chennai,27-02-2023,,
S002,WD404,08-03-2024,74,97.4,Student_2,32,Other,Chennai,27-02-2023,,
S002,DM101,28-03-2024,39,71.35,Student_2,32,Other,Chennai,27-02-2023,,
S002,UX303,23-03-2024,97,20.04,Student_2,32,Other,Chennai,27-02-2023,,
S002,WD404,21-01-2024,126,10.29,Student_2,32,Other,Chennai,27-02-2023,,
S003,PY202,05-03-2024,37,88.35,Student_3,28,Other,Mumbai,13-01-2023,,
S003,UX303,22-03-2024,139,64.81,Student_3,28,Other,Mumbai,13-01-2023,,
S003,PY202,17-02-2024,51,58.54,Student_3,28,Other,Mumbai,13-01-2023,,
S003,DM101,17-03-2024,92,53.97,Student_3,28,Other,Mumbai,13-01-2023,,
S003,DM101,16-02-2024,88,31.55,Student_3,28,Other,Mumbai,13-01-2023,,
S003,PY202,13-03-2024,30,17.71,Student_3,28,Other,Mumbai,13-01-2023,,
S003,WD404,09-01-2024,146,78.93,Student_3,28,Other,Mumbai,13-01-2023,,
S004,WD404,11-03-2024,52,33.86,Student_4,25,Female,Bangalore,21-05-2023,,
S004,WD404,28-01-2024,148,77.97,Student_4,25,Female,Bangalore,21-05-2023,,
S004,PY202,09-02-2024,112,99.56,Student_4,25,Female,Bangalore,21-05-2023,,
S004,UX303,26-02-2024,142,50.63,Student_4,25,Female,Bangalore,21-05-2023,,
S004,PY202,29-01-2024,26,40.43,Student_4,25,Female,Bangalore,21-05-2023,,
S005,PY202,01-01-2024,28,73.71,Student_5,24,Other,Delhi,06-05-2023,,
S005,DM101,30-01-2024,27,91.49,Student_5,24,Other,Delhi,06-05-2023,4.0,Loved the examples
S005,UX303,10-01-2024,141,31.42,Student_5,24,Other,Delhi,06-05-2023,,
S005,WD404,28-01-2024,148,21.91,Student_5,24,Other,Delhi,06-05-2023,,
S005,WD404,01-02-2024,131,82.67,Student_5,24,Other,Delhi,06-05-2023,,
S005,PY202,13-01-2024,34,69.31,Student_5,24,Other,Delhi,06-05-2023,,
S006,WD404,22-02-2024,129,87.75,Student_6,28,Other,Delhi,25-04-2023,,
S006,DM101,27-03-2024,177,98.57,Student_6,28,Other,Delhi,25-04-2023,1.0,Loved the examples
S006,DM101,08-01-2024,113,75.54,Student_6,28,Other,Delhi,25-04-2023,1.0,Loved the examples
S006,DM101,01-02-2024,59,27.12,Student_6,28,Other,Delhi,25-04-2023,1.0,Loved the examples
S006,WD404,18-01-2024,118,26.51,Student_6,28,Other,Delhi,25-04-2023,,
S006,WD404,01-02-2024,29,49.88,Student_6,28,Other,Delhi,25-04-2023,,
S006,DM101,07-01-2024,176,99.94,Student_6,28,Other,Delhi,25-04-2023,1.0,Loved the examples
S006,DM101,12-01-2024,70,24.97,Student_6,28,Other,Delhi,25-04-2023,1.0,Loved the examples
S007,WD404,28-01-2024,112,91.22,Student_7,28,Male,Chennai,13-03-2023,,
S007,PY202,18-02-2024,10,98.68,Student_7,28,Male,Chennai,13-03-2023,,
S007,UX303,28-02-2024,83,48.07,Student_7,28,Male,Chennai,13-03-2023,,
S007,WD404,20-01-2024,58,36.7,Student_7,28,Male,Chennai,13-03-2023,,
S007,DM101,15-03-2024,148,15.49,Student_7,28,Male,Chennai,13-03-2023,,
S007,UX303,08-01-2024,22,62.58,Student_7,28,Male,Chennai,13-03-2023,,
S007,PY202,08-01-2024,140,17.21,Student_7,28,Male,Chennai,13-03-2023,,
S007,PY202,09-01-2024,162,16.12,Student_7,28,Male,Chennai,13-03-2023,,
S007,PY202,21-02-2024,40,94.74,Student_7,28,Male,Chennai,13-03-2023,,
S007,PY202,15-03-2024,162,13.58,Student_7,28,Male,Chennai,13-03-2023,,
S008,WD404,25-03-2024,159,60.87,Student_8,21,Other,Bangalore,22-02-2023,,
S008,UX303,03-02-2024,62,70.28,Student_8,21,Other,Bangalore,22-02-2023,,
S008,UX303,31-01-2024,77,45.62,Student_8,21,Other,Bangalore,22-02-2023,,
S008,UX303,28-02-2024,90,93.61,Student_8,21,Other,Bangalore,22-02-2023,,
S009,DM101,28-02-2024,169,99.86,Student_9,25,Other,Kolkata,13-12-2023,,
S009,DM101,10-01-2024,147,29.18,Student_9,25,Other,Kolkata,13-12-2023,,
S009,UX303,17-01-2024,99,89.28,Student_9,25,Other,Kolkata,13-12-2023,4.0,Well structured
S009,PY202,17-02-2024,82,24.2,Student_9,25,Other,Kolkata,13-12-2023,,
S010,DM101,26-03-2024,151,36.94,Student_10,20,Female,Bangalore,07-10-2023,,
S010,DM101,18-01-2024,77,20.39,Student_10,20,Female,Bangalore,07-10-2023,,
S010,DM101,11-03-2024,49,34.51,Student_10,20,Female,Bangalore,07-10-2023,,
S010,PY202,13-02-2024,62,71.87,Student_10,20,Female,Bangalore,07-10-2023,,
S010,UX303,05-03-2024,135,32.6,Student_10,20,Female,Bangalore,07-10-2023,,
S010,DM101,12-01-2024,172,48.12,Student_10,20,Female,Bangalore,07-10-2023,,
S010,UX303,06-01-2024,10,40.02,Student_10,20,Female,Bangalore,07-10-2023,,
S011,UX303,21-01-2024,123,59.65,Student_11,19,Female,Chennai,14-02-2023,,
S011,WD404,12-03-2024,12,20.07,Student_11,19,Female,Chennai,14-02-2023,,
S011,PY202,10-03-2024,19,85.11,Student_11,19,Female,Chennai,14-02-2023,5.0,Needs improvement
S011,PY202,25-02-2024,42,13.76,Student_11,19,Female,Chennai,14-02-2023,5.0,Needs improvement
S011,UX303,06-01-2024,101,28.91,Student_11,19,Female,Chennai,14-02-2023,,
S012,DM101,15-02-2024,153,89.57,Student_12,29,Male,Chennai,30-10-2023,,
S012,WD404,20-03-2024,49,93.32,Student_12,29,Male,Chennai,30-10-2023,,
S012,PY202,21-01-2024,55,89.33,Student_12,29,Male,Chennai,30-10-2023,,
S012,DM101,23-01-2024,95,80.41,Student_12,29,Male,Chennai,30-10-2023,,
S012,WD404,26-03-2024,73,34.01,Student_12,29,Male,Chennai,30-10-2023,,
S012,DM101,18-02-2024,19,87.27,Student_12,29,Male,Chennai,30-10-2023,,
S013,PY202,28-02-2024,99,37.47,Student_13,23,Other,Bangalore,05-08-2023,,
S013,PY202,29-01-2024,16,69.4,Student_13,23,Other,Bangalore,05-08-2023,,
S013,WD404,12-02-2024,81,87.79,Student_13,23,Other,Bangalore,05-08-2023,,
S013,UX303,14-02-2024,174,55.85,Student_13,23,Other,Bangalore,05-08-2023,,
S013,UX303,04-01-2024,39,88.93,Student_13,23,Other,Bangalore,05-08-2023,,
S013,UX303,23-01-2024,158,96.63,Student_13,23,Other,Bangalore,05-08-2023,,
S014,DM101,14-01-2024,162,49.11,Student_14,19,Other,Chennai,17-01-2023,,
S014,UX303,25-02-2024,165,98.58,Student_14,19,Other,Chennai,17-01-2023,2.0,Excellent instructor
S014,DM101,19-02-2024,157,27.11,Student_14,19,Other,Chennai,17-01-2023,,
S014,DM101,31-03-2024,121,10.15,Student_14,19,Other,Chennai,17-01-2023,,
S014,PY202,16-02-2024,120,16.3,Student_14,19,Other,Chennai,17-01-2023,,
S014,UX303,20-03-2024,90,69.7,Student_14,19,Other,Chennai,17-01-2023,2.0,Excellent instructor
S014,DM101,08-02-2024,139,37.84,Student_14,19,Other,Chennai,17-01-2023,,
S015,UX303,21-02-2024,85,59.9,Student_15,18,Other,Bangalore,16-01-2023,,
S015,PY202,23-02-2024,180,94.63,Student_15,18,Other,Bangalore,16-01-2023,,
S015,PY202,19-03-2024,155,37.09,Student_15,18,Other,Bangalore,16-01-2023,,
S015,DM101,08-02-2024,83,28.92,Student_15,18,Other,Bangalore,16-01-2023,3.0,Needs improvement
S015,UX303,29-02-2024,123,49.79,Student_15,18,Other,Bangalore,16-01-2023,,
S015,PY202,06-03-2024,131,81.44,Student_15,18,Other,Bangalore,16-01-2023,,
S015,PY202,25-03-2024,31,35.54,Student_15,18,Other,Bangalore,16-01-2023,,
S015,UX303,12-01-2024,70,70.55,Student_15,18,Other,Bangalore,16-01-2023,,
S015,PY202,26-01-2024,47,12.2,Student_15,18,Other,Bangalore,16-01-2023,,
S016,WD404,19-03-2024,28,50.99,Student_16,29,Male,Mumbai,17-02-2023,,
S016,PY202,30-03-2024,108,54.49,Student_16,29,Male,Mumbai,17-02-2023,,
S016,PY202,19-01-2024,177,71.89,Student_16,29,Male,Mumbai,17-02-2023,,
S016,DM101,24-02-2024,66,25.83,Student_16,29,Male,Mumbai,17-02-2023,3.0,Loved the examples
S016,WD404,07-01-2024,152,32.43,Student_16,29,Male,Mumbai,17-02-2023,,
S016,DM101,28-02-2024,44,82.13,Student_16,29,Male,Mumbai,17-02-2023,3.0,Loved the examples
S017,WD404,19-03-2024,139,48.41,Student_17,29,Male,Bangalore,22-04-2023,,
S017,WD404,21-01-2024,131,50.51,Student_17,29,Male,Bangalore,22-04-2023,,
S017,PY202,22-03-2024,80,78.92,Student_17,29,Male,Bangalore,22-04-2023,5.0,Great course!
S017,WD404,21-03-2024,71,34.71,Student_17,29,Male,Bangalore,22-04-2023,,
S017,DM101,06-02-2024,70,34.45,Student_17,29,Male,Bangalore,22-04-2023,,
S017,UX303,10-03-2024,30,22.45,Student_17,29,Male,Bangalore,22-04-2023,,
S017,PY202,19-02-2024,49,73.58,Student_17,29,Male,Bangalore,22-04-2023,5.0,Great course!
S017,DM101,23-02-2024,114,39.78,Student_17,29,Male,Bangalore,22-04-2023,,
S018,WD404,08-01-2024,62,84.96,Student_18,34,Female,Bangalore,30-04-2023,,
S018,WD404,15-03-2024,15,87.11,Student_18,34,Female,Bangalore,30-04-2023,,
S018,WD404,02-03-2024,11,94.85,Student_18,34,Female,Bangalore,30-04-2023,,
S018,UX303,19-02-2024,117,58.44,Student_18,34,Female,Bangalore,30-04-2023,,
S018,PY202,03-03-2024,66,34.56,Student_18,34,Female,Bangalore,30-04-2023,3.0,Too fast-paced
S018,WD404,04-01-2024,109,40.25,Student_18,34,Female,Bangalore,30-04-2023,,
S018,WD404,22-01-2024,129,92.76,Student_18,34,Female,Bangalore,30-04-2023,,
S018,DM101,20-02-2024,161,60.8,Student_18,34,Female,Bangalore,30-04-2023,,
S018,DM101,11-01-2024,174,48.58,Student_18,34,Female,Bangalore,30-04-2023,,
S018,WD404,24-01-2024,22,33.41,Student_18,34,Female,Bangalore,30-04-2023,,
S019,PY202,28-02-2024,93,40.38,Student_19,27,Male,Chennai,16-09-2023,,
S019,WD404,05-02-2024,117,32.7,Student_19,27,Male,Chennai,16-09-2023,,
S019,DM101,01-03-2024,14,77.41,Student_19,27,Male,Chennai,16-09-2023,,
S019,DM101,14-02-2024,67,68.51,Student_19,27,Male,Chennai,16-09-2023,,
S019,DM101,04-01-2024,73,27.94,Student_19,27,Male,Chennai,16-09-2023,,
S019,DM101,20-03-2024,49,31.47,Student_19,27,Male,Chennai,16-09-2023,,
S019,WD404,26-03-2024,39,60.76,Student_19,27,Male,Chennai,16-09-2023,,
S019,PY202,29-02-2024,75,79.02,Student_19,27,Male,Chennai,16-09-2023,,
S020,DM101,21-01-2024,89,19.73,Student_20,33,Other,Chennai,05-11-2023,,
S020,DM101,09-02-2024,157,70.96,Student_20,33,Other,Chennai,05-11-2023,,
S020,WD404,20-02-2024,60,16.84,Student_20,33,Other,Chennai,05-11-2023,,
S020,PY202,14-01-2024,87,86.53,Student_20,33,Other,Chennai,05-11-2023,,
S020,DM101,13-03-2024,20,41.25,Student_20,33,Other,Chennai,05-11-2023,,
S021,UX303,09-01-2024,139,68.28,Student_21,32,Other,Delhi,14-01-2023,4.0,Needs improvement
S021,DM101,23-02-2024,135,19.5,Student_21,32,Other,Delhi,14-01-2023,,
S021,UX303,22-03-2024,127,73.66,Student_21,32,Other,Delhi,14-01-2023,4.0,Needs improvement
S021,WD404,23-01-2024,143,96.89,Student_21,32,Other,Delhi,14-01-2023,,
S021,UX303,19-03-2024,147,79.72,Student_21,32,Other,Delhi,14-01-2023,4.0,Needs improvement
S021,WD404,25-02-2024,161,34.16,Student_21,32,Other,Delhi,14-01-2023,,
S021,PY202,12-01-2024,81,89.35,Student_21,32,Other,Delhi,14-01-2023,,
S021,PY202,29-02-2024,155,64.93,Student_21,32,Other,Delhi,14-01-2023,,
S021,WD404,13-02-2024,17,54.49,Student_21,32,Other,Delhi,14-01-2023,,
S022,PY202,03-03-2024,64,41.93,Student_22,32,Male,Delhi,15-10-2023,4.0,Could be better
S022,UX303,13-02-2024,81,89.23,Student_22,32,Male,Delhi,15-10-2023,,
S022,UX303,12-03-2024,12,56.5,Student_22,32,Male,Delhi,15-10-2023,,
S022,PY202,11-01-2024,71,74.81,Student_22,32,Male,Delhi,15-10-2023,4.0,Could be better
S022,WD404,12-03-2024,71,72.15,Student_22,32,Male,Delhi,15-10-2023,,
S022,WD404,27-02-2024,14,18.37,Student_22,32,Male,Delhi,15-10-2023,,
S022,PY202,21-02-2024,72,37.56,Student_22,32,Male,Delhi,15-10-2023,4.0,Could be better
S022,UX303,01-03-2024,151,57.78,Student_22,32,Male,Delhi,15-10-2023,,
S023,UX303,15-02-2024,126,34.38,Student_23,29,Other,Mumbai,12-04-2023,,
S023,UX303,30-01-2024,40,74.92,Student_23,29,Other,Mumbai,12-04-2023,,
S023,UX303,16-01-2024,147,95.58,Student_23,29,Other,Mumbai,12-04-2023,,
S023,PY202,25-01-2024,65,76.47,Student_23,29,Other,Mumbai,12-04-2023,1.0,Excellent instructor
S023,UX303,16-03-2024,144,63.71,Student_23,29,Other,Mumbai,12-04-2023,,
S023,DM101,25-01-2024,85,30.47,Student_23,29,Other,Mumbai,12-04-2023,,
S023,PY202,08-02-2024,13,73.72,Student_23,29,Other,Mumbai,12-04-2023,1.0,Excellent instructor
S023,PY202,05-02-2024,21,97.69,Student_23,29,Other,Mumbai,12-04-2023,1.0,Excellent instructor
S023,UX303,30-03-2024,42,67.41,Student_23,29,Other,Mumbai,12-04-2023,,
S024,DM101,02-01-2024,156,35.59,Student_24,20,Other,Delhi,29-11-2023,,
S024,WD404,26-02-2024,97,26.59,Student_24,20,Other,Delhi,29-11-2023,,
S024,DM101,02-02-2024,132,20.27,Student_24,20,Other,Delhi,29-11-2023,,
S024,DM101,21-02-2024,135,16.67,Student_24,20,Other,Delhi,29-11-2023,,
S024,DM101,20-01-2024,48,83.0,Student_24,20,Other,Delhi,29-11-2023,,
S024,UX303,11-01-2024,73,20.66,Student_24,20,Other,Delhi,29-11-2023,,
S024,WD404,18-03-2024,162,81.17,Student_24,20,Other,Delhi,29-11-2023,,
S024,PY202,07-03-2024,107,50.55,Student_24,20,Other,Delhi,29-11-2023,,
S024,WD404,08-02-2024,160,99.1,Student_24,20,Other,Delhi,29-11-2023,,
S024,UX303,13-03-2024,168,15.42,Student_24,20,Other,Delhi,29-11-2023,,
S025,PY202,21-03-2024,64,33.82,Student_25,22,Male,Bangalore,26-12-2023,,
S025,DM101,21-01-2024,71,25.64,Student_25,22,Male,Bangalore,26-12-2023,,
S025,DM101,21-01-2024,10,46.77,Student_25,22,Male,Bangalore,26-12-2023,,
S025,WD404,07-02-2024,18,30.83,Student_25,22,Male,Bangalore,26-12-2023,,
S026,WD404,10-01-2024,69,93.15,Student_26,24,Male,Chennai,07-10-2023,,
S026,PY202,24-02-2024,39,59.01,Student_26,24,Male,Chennai,07-10-2023,,
S026,PY202,04-02-2024,46,16.43,Student_26,24,Male,Chennai,07-10-2023,,
S026,PY202,09-02-2024,162,77.41,Student_26,24,Male,Chennai,07-10-2023,,
S026,UX303,26-02-2024,41,52.18,Student_26,24,Male,Chennai,07-10-2023,,
S026,UX303,30-03-2024,113,94.84,Student_26,24,Male,Chennai,07-10-2023,,
S026,WD404,26-02-2024,30,63.82,Student_26,24,Male,Chennai,07-10-2023,,
S027,UX303,18-03-2024,74,12.33,Student_27,26,Other,Delhi,03-08-2023,,
S027,PY202,27-03-2024,157,62.84,Student_27,26,Other,Delhi,03-08-2023,,
S027,DM101,27-03-2024,78,61.86,Student_27,26,Other,Delhi,03-08-2023,,
S027,PY202,01-03-2024,142,68.64,Student_27,26,Other,Delhi,03-08-2023,,
S027,UX303,24-01-2024,159,49.23,Student_27,26,Other,Delhi,03-08-2023,,
S027,WD404,12-01-2024,130,41.32,Student_27,26,Other,Delhi,03-08-2023,,
S027,UX303,11-02-2024,36,87.2,Student_27,26,Other,Delhi,03-08-2023,,
S027,UX303,22-02-2024,136,35.94,Student_27,26,Other,Delhi,03-08-2023,,
S027,WD404,11-03-2024,19,50.93,Student_27,26,Other,Delhi,03-08-2023,,
S028,UX303,11-02-2024,39,97.32,Student_28,24,Other,Delhi,23-04-2023,,
S028,WD404,06-03-2024,10,69.19,Student_28,24,Other,Delhi,23-04-2023,1.0,Very helpful
S028,WD404,22-02-2024,23,26.88,Student_28,24,Other,Delhi,23-04-2023,1.0,Very helpful
S028,UX303,20-03-2024,137,66.29,Student_28,24,Other,Delhi,23-04-2023,,
S028,DM101,27-01-2024,78,59.43,Student_28,24,Other,Delhi,23-04-2023,,
S028,UX303,26-02-2024,134,20.93,Student_28,24,Other,Delhi,23-04-2023,,
S028,PY202,31-03-2024,50,37.97,Student_28,24,Other,Delhi,23-04-2023,,
S028,DM101,11-03-2024,114,18.39,Student_28,24,Other,Delhi,23-04-2023,,
S029,WD404,16-01-2024,175,84.89,Student_29,21,Other,Mumbai,18-08-2023,,
S029,WD404,07-02-2024,140,73.49,Student_29,21,Other,Mumbai,18-08-2023,,
S029,WD404,02-03-2024,130,31.94,Student_29,21,Other,Mumbai,18-08-2023,,
S029,PY202,19-02-2024,58,92.97,Student_29,21,Other,Mumbai,18-08-2023,,
S030,DM101,05-02-2024,116,40.59,Student_30,31,Female,Mumbai,29-10-2023,4.0,Too fast-paced
S030,UX303,01-01-2024,82,75.34,Student_30,31,Female,Mumbai,29-10-2023,,
S030,WD404,20-01-2024,124,58.47,Student_30,31,Female,Mumbai,29-10-2023,,
S030,UX303,12-02-2024,151,78.66,Student_30,31,Female,Mumbai,29-10-2023,,
S030,WD404,28-02-2024,92,88.26,Student_30,31,Female,Mumbai,29-10-2023,,
S031,WD404,30-01-2024,115,13.93,Student_31,26,Female,Bangalore,23-05-2023,,
S031,WD404,31-03-2024,107,44.75,Student_31,26,Female,Bangalore,23-05-2023,,
S031,PY202,04-03-2024,19,21.36,Student_31,26,Female,Bangalore,23-05-2023,,
S031,UX303,13-01-2024,122,18.97,Student_31,26,Female,Bangalore,23-05-2023,,
S031,WD404,02-01-2024,46,46.9,Student_31,26,Female,Bangalore,23-05-2023,,
S031,PY202,10-01-2024,130,80.34,Student_31,26,Female,Bangalore,23-05-2023,,
S032,UX303,20-03-2024,111,68.49,Student_32,19,Female,Chennai,04-01-2023,,
S032,UX303,27-03-2024,146,44.2,Student_32,19,Female,Chennai,04-01-2023,,
S032,UX303,21-03-2024,134,88.51,Student_32,19,Female,Chennai,04-01-2023,,
S032,DM101,20-03-2024,27,31.13,Student_32,19,Female,Chennai,04-01-2023,,
S032,UX303,30-01-2024,33,49.06,Student_32,19,Female,Chennai,04-01-2023,,
S032,DM101,22-03-2024,35,49.93,Student_32,19,Female,Chennai,04-01-2023,,
S032,UX303,04-01-2024,21,39.19,Student_32,19,Female,Chennai,04-01-2023,,
S033,UX303,15-02-2024,105,48.76,Student_33,32,Male,Mumbai,23-03-2023,,
S033,PY202,08-03-2024,115,60.93,Student_33,32,Male,Mumbai,23-03-2023,,
S033,PY202,22-01-2024,54,17.11,Student_33,32,Male,Mumbai,23-03-2023,,
S034,PY202,04-03-2024,159,22.88,Student_34,24,Female,Delhi,24-12-2023,1.0,Very helpful
S034,WD404,22-03-2024,75,51.36,Student_34,24,Female,Delhi,24-12-2023,,
S034,DM101,29-02-2024,83,70.98,Student_34,24,Female,Delhi,24-12-2023,,
S034,PY202,10-01-2024,123,95.07,Student_34,24,Female,Delhi,24-12-2023,1.0,Very helpful
S034,UX303,22-03-2024,118,72.13,Student_34,24,Female,Delhi,24-12-2023,,
S034,WD404,08-02-2024,60,99.94,Student_34,24,Female,Delhi,24-12-2023,,
S034,WD404,14-01-2024,70,44.32,Student_34,24,Female,Delhi,24-12-2023,,
S034,UX303,14-03-2024,85,99.34,Student_34,24,Female,Delhi,24-12-2023,,
S034,UX303,03-01-2024,178,45.62,Student_34,24,Female,Delhi,24-12-2023,,
S035,DM101,18-03-2024,137,84.96,Student_35,29,Male,Chennai,05-08-2023,,
S035,UX303,30-01-2024,165,82.17,Student_35,29,Male,Chennai,05-08-2023,,
S035,PY202,22-03-2024,58,65.88,Student_35,29,Male,Chennai,05-08-2023,4.0,Very helpful
S036,DM101,21-03-2024,175,13.55,Student_36,25,Male,Chennai,24-06-2023,5.0,Excellent instructor
S036,WD404,05-01-2024,158,42.84,Student_36,25,Male,Chennai,24-06-2023,,
S036,PY202,12-01-2024,85,39.4,Student_36,25,Male,Chennai,24-06-2023,,
S036,WD404,23-01-2024,61,21.89,Student_36,25,Male,Chennai,24-06-2023,,
S036,UX303,08-03-2024,138,92.21,Student_36,25,Male,Chennai,24-06-2023,,
S037,UX303,02-03-2024,85,77.19,Student_37,32,Female,Delhi,23-05-2023,3.0,Too fast-paced
S037,UX303,15-01-2024,129,96.66,Student_37,32,Female,Delhi,23-05-2023,3.0,Too fast-paced
S037,PY202,29-01-2024,111,97.05,Student_37,32,Female,Delhi,23-05-2023,,
S037,UX303,12-01-2024,111,11.25,Student_37,32,Female,Delhi,23-05-2023,3.0,Too fast-paced
S037,DM101,28-02-2024,104,70.55,Student_37,32,Female,Delhi,23-05-2023,,
S038,WD404,22-03-2024,105,19.75,Student_38,20,Female,Mumbai,21-03-2023,3.0,Great course!
S038,PY202,01-03-2024,16,65.76,Student_38,20,Female,Mumbai,21-03-2023,,
S038,UX303,19-03-2024,66,68.29,Student_38,20,Female,Mumbai,21-03-2023,,
S038,WD404,30-03-2024,87,68.43,Student_38,20,Female,Mumbai,21-03-2023,3.0,Great course!
S038,DM101,18-01-2024,21,95.16,Student_38,20,Female,Mumbai,21-03-2023,,
S038,UX303,04-03-2024,39,18.75,Student_38,20,Female,Mumbai,21-03-2023,,
S038,PY202,19-02-2024,126,43.39,Student_38,20,Female,Mumbai,21-03-2023,,
S039,PY202,23-02-2024,177,18.91,Student_39,31,Female,Delhi,21-04-2023,,
S039,WD404,19-03-2024,114,94.51,Student_39,31,Female,Delhi,21-04-2023,,
S039,UX303,05-01-2024,104,29.55,Student_39,31,Female,Delhi,21-04-2023,,
S039,WD404,31-01-2024,102,18.94,Student_39,31,Female,Delhi,21-04-2023,,
S039,UX303,10-03-2024,175,42.28,Student_39,31,Female,Delhi,21-04-2023,,
S039,WD404,05-02-2024,58,97.14,Student_39,31,Female,Delhi,21-04-2023,,
S039,WD404,12-01-2024,179,29.09,Student_39,31,Female,Delhi,21-04-2023,,
S039,DM101,07-01-2024,95,31.92,Student_39,31,Female,Delhi,21-04-2023,5.0,Too fast-paced
S039,PY202,13-03-2024,62,16.17,Student_39,31,Female,Delhi,21-04-2023,,
S040,PY202,30-01-2024,94,79.69,Student_40,34,Other,Chennai,22-06-2023,,
S040,DM101,05-02-2024,47,98.88,Student_40,34,Other,Chennai,22-06-2023,5.0,Too fast-paced
S040,UX303,23-01-2024,38,69.5,Student_40,34,Other,Chennai,22-06-2023,,
S040,DM101,17-01-2024,13,42.24,Student_40,34,Other,Chennai,22-06-2023,5.0,Too fast-paced
S040,PY202,16-03-2024,92,11.42,Student_40,34,Other,Chennai,22-06-2023,,
S040,UX303,07-01-2024,42,76.75,Student_40,34,Other,Chennai,22-06-2023,,
S041,DM101,01-03-2024,124,80.02,Student_41,21,Female,Kolkata,22-02-2023,,
S041,DM101,27-02-2024,138,29.94,Student_41,21,Female,Kolkata,22-02-2023,,
S041,DM101,25-03-2024,143,37.15,Student_41,21,Female,Kolkata,22-02-2023,,
S041,DM101,08-01-2024,132,86.26,Student_41,21,Female,Kolkata,22-02-2023,,
S042,DM101,03-03-2024,123,16.61,Student_42,25,Other,Kolkata,17-02-2023,,
S042,DM101,11-02-2024,165,23.35,Student_42,25,Other,Kolkata,17-02-2023,,
S042,PY202,05-02-2024,169,66.98,Student_42,25,Other,Kolkata,17-02-2023,,
S042,UX303,18-02-2024,162,57.75,Student_42,25,Other,Kolkata,17-02-2023,,
S042,WD404,05-03-2024,164,48.72,Student_42,25,Other,Kolkata,17-02-2023,1.0,Could be better
S042,DM101,24-03-2024,176,88.99,Student_42,25,Other,Kolkata,17-02-2023,,
S042,PY202,25-02-2024,125,89.93,Student_42,25,Other,Kolkata,17-02-2023,,
S042,WD404,13-02-2024,126,45.89,Student_42,25,Other,Kolkata,17-02-2023,1.0,Could be better
S042,DM101,10-02-2024,119,38.13,Student_42,25,Other,Kolkata,17-02-2023,,
S043,UX303,20-01-2024,131,16.04,Student_43,21,Male,Bangalore,14-07-2023,1.0,Great course!
S043,DM101,12-01-2024,120,18.69,Student_43,21,Male,Bangalore,14-07-2023,,
S043,UX303,17-01-2024,152,15.4,Student_43,21,Male,Bangalore,14-07-2023,1.0,Great course!
S043,UX303,26-03-2024,41,46.97,Student_43,21,Male,Bangalore,14-07-2023,1.0,Great course!
S043,WD404,07-01-2024,83,64.04,Student_43,21,Male,Bangalore,14-07-2023,,
S043,UX303,14-01-2024,157,55.67,Student_43,21,Male,Bangalore,14-07-2023,1.0,Great course!
S043,PY202,25-03-2024,133,30.18,Student_43,21,Male,Bangalore,14-07-2023,,
S044,UX303,12-03-2024,104,20.34,Student_44,19,Other,Delhi,19-02-2023,,
S044,UX303,14-03-2024,67,82.65,Student_44,19,Other,Delhi,19-02-2023,,
S044,DM101,18-03-2024,178,84.65,Student_44,19,Other,Delhi,19-02-2023,,
S044,UX303,04-01-2024,56,34.59,Student_44,19,Other,Delhi,19-02-2023,,
S045,UX303,14-02-2024,11,26.33,Student_45,23,Female,Delhi,03-07-2023,,
S045,PY202,13-03-2024,178,46.07,Student_45,23,Female,Delhi,03-07-2023,1.0,Great course!
S045,PY202,22-03-2024,17,18.26,Student_45,23,Female,Delhi,03-07-2023,1.0,Great course!
S045,PY202,18-02-2024,117,50.83,Student_45,23,Female,Delhi,03-07-2023,1.0,Great course!
S045,PY202,17-02-2024,89,74.94,Student_45,23,Female,Delhi,03-07-2023,1.0,Great course!
S045,DM101,07-01-2024,49,24.17,Student_45,23,Female,Delhi,03-07-2023,,
S045,DM101,27-03-2024,30,34.49,Student_45,23,Female,Delhi,03-07-2023,,
S046,WD404,18-03-2024,123,47.28,Student_46,27,Male,Bangalore,26-06-2023,4.0,Excellent instructor
S046,PY202,06-03-2024,39,41.07,Student_46,27,Male,Bangalore,26-06-2023,,
S046,DM101,06-02-2024,161,53.8,Student_46,27,Male,Bangalore,26-06-2023,,
S046,UX303,06-01-2024,66,45.57,Student_46,27,Male,Bangalore,26-06-2023,,
S046,DM101,01-01-2024,62,37.13,Student_46,27,Male,Bangalore,26-06-2023,,
S046,PY202,18-01-2024,75,36.05,Student_46,27,Male,Bangalore,26-06-2023,,
S046,DM101,01-01-2024,137,77.23,Student_46,27,Male,Bangalore,26-06-2023,,
S046,PY202,17-01-2024,107,57.93,Student_46,27,Male,Bangalore,26-06-2023,,
S046,PY202,05-03-2024,153,85.0,Student_46,27,Male,Bangalore,26-06-2023,,
S047,DM101,20-02-2024,20,49.26,Student_47,21,Male,Bangalore,06-11-2023,,
S047,WD404,10-01-2024,90,61.82,Student_47,21,Male,Bangalore,06-11-2023,1.0,Too fast-paced
S047,WD404,31-03-2024,173,47.59,Student_47,21,Male,Bangalore,06-11-2023,1.0,Too fast-paced
S047,DM101,21-02-2024,15,96.96,Student_47,21,Male,Bangalore,06-11-2023,,
S047,PY202,20-03-2024,127,84.88,Student_47,21,Male,Bangalore,06-11-2023,,
S047,UX303,12-01-2024,121,86.0,Student_47,21,Male,Bangalore,06-11-2023,,
S047,PY202,25-02-2024,160,46.04,Student_47,21,Male,Bangalore,06-11-2023,,
S047,DM101,20-02-2024,89,77.12,Student_47,21,Male,Bangalore,06-11-2023,,
S048,UX303,22-01-2024,29,55.94,Student_48,29,Male,Bangalore,16-05-2023,,
S048,DM101,08-03-2024,140,27.45,Student_48,29,Male,Bangalore,16-05-2023,,
S048,UX303,14-02-2024,175,83.35,Student_48,29,Male,Bangalore,16-05-2023,,
S048,PY202,14-01-2024,47,33.04,Student_48,29,Male,Bangalore,16-05-2023,,
S048,PY202,18-03-2024,49,78.42,Student_48,29,Male,Bangalore,16-05-2023,,
S048,DM101,23-01-2024,170,54.47,Student_48,29,Male,Bangalore,16-05-2023,,
S049,UX303,21-03-2024,90,23.59,Student_49,19,Other,Chennai,23-01-2023,,
S049,DM101,01-03-2024,123,66.82,Student_49,19,Other,Chennai,23-01-2023,5.0,Very helpful
S049,UX303,16-03-2024,24,41.67,Student_49,19,Other,Chennai,23-01-2023,,
S049,DM101,09-02-2024,128,50.67,Student_49,19,Other,Chennai,23-01-2023,5.0,Very helpful
S049,DM101,17-02-2024,83,16.91,Student_49,19,Other,Chennai,23-01-2023,5.0,Very helpful
S049,DM101,19-03-2024,162,55.64,Student_49,19,Other,Chennai,23-01-2023,5.0,Very helpful
S049,WD404,15-03-2024,151,95.88,Student_49,19,Other,Chennai,23-01-2023,,
S049,DM101,27-02-2024,156,68.67,Student_49,19,Other,Chennai,23-01-2023,5.0,Very helpful
S049,UX303,18-03-2024,131,55.12,Student_49,19,Other,Chennai,23-01-2023,,
S049,DM101,27-02-2024,36,82.99,Student_49,19,Other,Chennai,23-01-2023,5.0,Very helpful
S050,DM101,05-03-2024,175,25.53,Student_50,27,Female,Delhi,24-08-2023,,
S050,PY202,31-03-2024,122,99.19,Student_50,27,Female,Delhi,24-08-2023,,
S050,PY202,16-02-2024,105,92.61,Student_50,27,Female,Delhi,24-08-2023,,
S050,WD404,22-02-2024,96,71.1,Student_50,27,Female,Delhi,24-08-2023,1.0,Well structured
S050,DM101,21-03-2024,175,40.12,Student_50,27,Female,Delhi,24-08-2023,,
S050,UX303,13-01-2024,152,71.05,Student_50,27,Female,Delhi,24-08-2023,,
S050,UX303,02-02-2024,178,96.8,Student_50,27,Female,Delhi,24-08-2023,,
S050,PY202,12-02-2024,30,62.45,Student_50,27,Female,Delhi,24-08-2023,,
S051,UX303,09-02-2024,177,72.86,Student_51,21,Male,Chennai,02-10-2023,,
S051,WD404,17-01-2024,162,73.8,Student_51,21,Male,Chennai,02-10-2023,,
S051,DM101,09-02-2024,153,43.9,Student_51,21,Male,Chennai,02-10-2023,2.0,Could be better
S051,UX303,17-01-2024,144,18.41,Student_51,21,Male,Chennai,02-10-2023,,
S051,WD404,06-03-2024,102,11.64,Student_51,21,Male,Chennai,02-10-2023,,
S052,PY202,28-01-2024,97,95.29,Student_52,31,Male,Bangalore,05-03-2023,,
S052,WD404,25-01-2024,67,100.0,Student_52,31,Male,Bangalore,05-03-2023,5.0,Very helpful
S052,PY202,10-01-2024,85,86.0,Student_52,31,Male,Bangalore,05-03-2023,,
S052,DM101,05-03-2024,148,85.16,Student_52,31,Male,Bangalore,05-03-2023,,
S052,DM101,25-03-2024,96,88.88,Student_52,31,Male,Bangalore,05-03-2023,,
S052,PY202,17-03-2024,106,23.88,Student_52,31,Male,Bangalore,05-03-2023,,
S052,PY202,29-03-2024,169,82.81,Student_52,31,Male,Bangalore,05-03-2023,,
S053,WD404,06-01-2024,115,42.79,Student_53,33,Male,Delhi,13-07-2023,,
S053,PY202,26-02-2024,166,35.64,Student_53,33,Male,Delhi,13-07-2023,2.0,Needs improvement
S053,WD404,30-01-2024,146,31.53,Student_53,33,Male,Delhi,13-07-2023,,
S053,WD404,25-01-2024,104,71.05,Student_53,33,Male,Delhi,13-07-2023,,
S053,WD404,29-02-2024,82,80.03,Student_53,33,Male,Delhi,13-07-2023,,
S054,PY202,26-01-2024,164,22.46,Student_54,32,Other,Chennai,10-02-2023,,
S054,UX303,07-01-2024,174,53.25,Student_54,32,Other,Chennai,10-02-2023,,
S054,UX303,11-03-2024,36,74.03,Student_54,32,Other,Chennai,10-02-2023,,
S054,DM101,06-02-2024,31,78.68,Student_54,32,Other,Chennai,10-02-2023,,
S054,UX303,27-02-2024,141,23.26,Student_54,32,Other,Chennai,10-02-2023,,
S054,WD404,12-01-2024,66,83.5,Student_54,32,Other,Chennai,10-02-2023,,
S054,UX303,04-01-2024,116,14.79,Student_54,32,Other,Chennai,10-02-2023,,
S054,UX303,31-01-2024,108,99.51,Student_54,32,Other,Chennai,10-02-2023,,
S054,UX303,29-01-2024,17,38.68,Student_54,32,Other,Chennai,10-02-2023,,
S055,UX303,19-01-2024,45,13.45,Student_55,25,Other,Chennai,10-10-2023,,
S055,WD404,30-03-2024,45,78.3,Student_55,25,Other,Chennai,10-10-2023,,
S055,WD404,27-02-2024,167,10.47,Student_55,25,Other,Chennai,10-10-2023,,
S055,DM101,03-01-2024,75,29.41,Student_55,25,Other,Chennai,10-10-2023,3.0,Loved the examples
S056,WD404,15-01-2024,83,31.39,Student_56,31,Female,Bangalore,31-05-2023,,
S056,DM101,07-01-2024,71,47.78,Student_56,31,Female,Bangalore,31-05-2023,,
S056,WD404,09-01-2024,38,85.3,Student_56,31,Female,Bangalore,31-05-2023,,
S056,WD404,17-03-2024,147,11.48,Student_56,31,Female,Bangalore,31-05-2023,,
S056,PY202,19-01-2024,84,48.63,Student_56,31,Female,Bangalore,31-05-2023,,
S057,PY202,14-03-2024,116,26.86,Student_57,25,Other,Delhi,18-11-2023,,
S057,DM101,08-03-2024,102,16.09,Student_57,25,Other,Delhi,18-11-2023,,
S057,DM101,19-02-2024,130,13.92,Student_57,25,Other,Delhi,18-11-2023,,
S057,WD404,17-02-2024,74,77.26,Student_57,25,Other,Delhi,18-11-2023,,
S057,UX303,09-01-2024,98,31.7,Student_57,25,Other,Delhi,18-11-2023,2.0,Too fast-paced
S057,DM101,15-03-2024,95,22.01,Student_57,25,Other,Delhi,18-11-2023,,
S057,UX303,10-03-2024,96,83.22,Student_57,25,Other,Delhi,18-11-2023,2.0,Too fast-paced
S057,PY202,28-03-2024,128,98.27,Student_57,25,Other,Delhi,18-11-2023,,
S058,PY202,18-01-2024,26,74.44,Student_58,33,Male,Bangalore,13-11-2023,4.0,Could be better
S058,WD404,05-01-2024,85,28.14,Student_58,33,Male,Bangalore,13-11-2023,,
S058,PY202,06-01-2024,90,94.0,Student_58,33,Male,Bangalore,13-11-2023,4.0,Could be better
S058,WD404,10-03-2024,131,32.8,Student_58,33,Male,Bangalore,13-11-2023,,
S058,PY202,06-02-2024,101,87.59,Student_58,33,Male,Bangalore,13-11-2023,4.0,Could be better
S058,DM101,24-03-2024,94,34.59,Student_58,33,Male,Bangalore,13-11-2023,,
S058,UX303,25-02-2024,112,76.9,Student_58,33,Male,Bangalore,13-11-2023,,
S058,WD404,13-02-2024,57,54.66,Student_58,33,Male,Bangalore,13-11-2023,,
S058,WD404,17-02-2024,142,34.0,Student_58,33,Male,Bangalore,13-11-2023,,
S058,DM101,24-02-2024,30,48.75,Student_58,33,Male,Bangalore,13-11-2023,,
S059,UX303,11-02-2024,36,17.21,Student_59,30,Female,Delhi,05-07-2023,,
S059,UX303,09-02-2024,124,64.24,Student_59,30,Female,Delhi,05-07-2023,,
S059,WD404,22-01-2024,123,41.64,Student_59,30,Female,Delhi,05-07-2023,,
S059,DM101,15-02-2024,167,99.83,Student_59,30,Female,Delhi,05-07-2023,1.0,Could be better
S059,UX303,22-03-2024,24,16.75,Student_59,30,Female,Delhi,05-07-2023,,
S060,UX303,06-03-2024,50,95.75,Student_60,32,Male,Kolkata,23-10-2023,,
S060,PY202,18-03-2024,122,13.13,Student_60,32,Male,Kolkata,23-10-2023,,
S060,DM101,31-01-2024,175,42.97,Student_60,32,Male,Kolkata,23-10-2023,,
S060,WD404,13-03-2024,18,64.46,Student_60,32,Male,Kolkata,23-10-2023,,
S060,WD404,17-02-2024,105,49.95,Student_60,32,Male,Kolkata,23-10-2023,,
S060,DM101,14-03-2024,45,57.65,Student_60,32,Male,Kolkata,23-10-2023,,
S060,WD404,10-02-2024,176,35.08,Student_60,32,Male,Kolkata,23-10-2023,,
S060,DM101,04-01-2024,57,54.91,Student_60,32,Male,Kolkata,23-10-2023,,
S060,WD404,12-03-2024,40,33.56,Student_60,32,Male,Kolkata,23-10-2023,,
S061,WD404,28-01-2024,166,35.7,Student_61,30,Male,Mumbai,09-04-2023,,
S061,WD404,26-01-2024,41,22.22,Student_61,30,Male,Mumbai,09-04-2023,,
S061,DM101,27-02-2024,54,90.88,Student_61,30,Male,Mumbai,09-04-2023,2.0,Very helpful
S061,WD404,12-01-2024,91,70.11,Student_61,30,Male,Mumbai,09-04-2023,,
S061,DM101,11-03-2024,148,36.13,Student_61,30,Male,Mumbai,09-04-2023,2.0,Very helpful
S061,UX303,21-01-2024,173,25.67,Student_61,30,Male,Mumbai,09-04-2023,,
S061,UX303,06-03-2024,67,20.92,Student_61,30,Male,Mumbai,09-04-2023,,
S062,PY202,31-01-2024,136,12.37,Student_62,26,Other,Mumbai,27-12-2023,4.0,Needs improvement
S062,UX303,29-02-2024,151,21.68,Student_62,26,Other,Mumbai,27-12-2023,,
S062,DM101,09-01-2024,89,45.83,Student_62,26,Other,Mumbai,27-12-2023,,
S062,WD404,08-03-2024,115,79.22,Student_62,26,Other,Mumbai,27-12-2023,,
S062,DM101,17-01-2024,91,67.81,Student_62,26,Other,Mumbai,27-12-2023,,
S062,WD404,29-02-2024,142,41.01,Student_62,26,Other,Mumbai,27-12-2023,,
S063,PY202,25-02-2024,138,91.96,Student_63,32,Female,Mumbai,05-02-2023,2.0,Loved the examples
S063,DM101,16-01-2024,142,23.77,Student_63,32,Female,Mumbai,05-02-2023,,
S063,PY202,21-01-2024,92,94.13,Student_63,32,Female,Mumbai,05-02-2023,2.0,Loved the examples
S063,PY202,14-02-2024,142,90.54,Student_63,32,Female,Mumbai,05-02-2023,2.0,Loved the examples
S063,DM101,02-02-2024,60,67.16,Student_63,32,Female,Mumbai,05-02-2023,,
S064,PY202,21-03-2024,87,65.3,Student_64,30,Other,Bangalore,24-01-2023,,
S064,DM101,05-03-2024,174,25.18,Student_64,30,Other,Bangalore,24-01-2023,,
S064,PY202,22-01-2024,178,66.2,Student_64,30,Other,Bangalore,24-01-2023,,
S064,UX303,13-03-2024,20,84.27,Student_64,30,Other,Bangalore,24-01-2023,,
S064,DM101,11-01-2024,21,95.37,Student_64,30,Other,Bangalore,24-01-2023,,
S064,UX303,24-03-2024,63,79.03,Student_64,30,Other,Bangalore,24-01-2023,,
S064,WD404,20-03-2024,173,12.73,Student_64,30,Other,Bangalore,24-01-2023,4.0,Great course!
S065,UX303,02-03-2024,72,82.42,Student_65,18,Other,Kolkata,05-12-2023,,
S065,WD404,08-02-2024,126,16.57,Student_65,18,Other,Kolkata,05-12-2023,,
S065,DM101,21-01-2024,122,47.41,Student_65,18,Other,Kolkata,05-12-2023,4.0,Loved the examples
S065,WD404,27-01-2024,97,64.6,Student_65,18,Other,Kolkata,05-12-2023,,
S065,UX303,10-02-2024,98,97.78,Student_65,18,Other,Kolkata,05-12-2023,,
S065,PY202,17-02-2024,141,60.55,Student_65,18,Other,Kolkata,05-12-2023,,
S065,UX303,31-01-2024,129,21.03,Student_65,18,Other,Kolkata,05-12-2023,,
S066,PY202,19-01-2024,34,14.55,Student_66,24,Female,Delhi,27-04-2023,,
S066,WD404,19-03-2024,117,32.34,Student_66,24,Female,Delhi,27-04-2023,,
S066,PY202,11-02-2024,157,74.9,Student_66,24,Female,Delhi,27-04-2023,,
S066,PY202,21-01-2024,137,99.64,Student_66,24,Female,Delhi,27-04-2023,,
S066,WD404,04-03-2024,88,54.76,Student_66,24,Female,Delhi,27-04-2023,,
S066,DM101,20-02-2024,139,51.15,Student_66,24,Female,Delhi,27-04-2023,,
S066,PY202,28-01-2024,159,41.76,Student_66,24,Female,Delhi,27-04-2023,,
S066,DM101,06-02-2024,136,63.78,Student_66,24,Female,Delhi,27-04-2023,,
S066,WD404,06-02-2024,147,10.74,Student_66,24,Female,Delhi,27-04-2023,,
S066,DM101,25-02-2024,44,89.42,Student_66,24,Female,Delhi,27-04-2023,,
S067,WD404,16-02-2024,21,46.05,Student_67,26,Male,Chennai,29-05-2023,,
S067,PY202,16-02-2024,151,35.97,Student_67,26,Male,Chennai,29-05-2023,,
S067,WD404,05-03-2024,125,78.8,Student_67,26,Male,Chennai,29-05-2023,,
S067,UX303,20-03-2024,166,20.69,Student_67,26,Male,Chennai,29-05-2023,,
S067,DM101,20-02-2024,105,81.54,Student_67,26,Male,Chennai,29-05-2023,5.0,Excellent instructor
S067,UX303,12-03-2024,103,77.95,Student_67,26,Male,Chennai,29-05-2023,,
S067,PY202,18-03-2024,140,46.12,Student_67,26,Male,Chennai,29-05-2023,,
S067,DM101,06-01-2024,19,22.33,Student_67,26,Male,Chennai,29-05-2023,5.0,Excellent instructor
S068,WD404,07-03-2024,126,23.4,Student_68,18,Male,Delhi,10-02-2023,,
S068,PY202,11-02-2024,166,38.67,Student_68,18,Male,Delhi,10-02-2023,,
S068,WD404,19-03-2024,86,63.44,Student_68,18,Male,Delhi,10-02-2023,,
S068,WD404,31-03-2024,154,36.98,Student_68,18,Male,Delhi,10-02-2023,,
S068,DM101,17-02-2024,94,70.64,Student_68,18,Male,Delhi,10-02-2023,,
S068,WD404,15-03-2024,88,81.71,Student_68,18,Male,Delhi,10-02-2023,,
S068,DM101,17-03-2024,131,33.9,Student_68,18,Male,Delhi,10-02-2023,,
S068,PY202,07-01-2024,159,53.24,Student_68,18,Male,Delhi,10-02-2023,,
S069,PY202,28-03-2024,72,12.84,Student_69,29,Female,Chennai,30-04-2023,,
S069,DM101,25-01-2024,14,49.69,Student_69,29,Female,Chennai,30-04-2023,,
S069,WD404,20-01-2024,115,72.15,Student_69,29,Female,Chennai,30-04-2023,3.0,Loved the examples
S069,WD404,05-03-2024,166,92.85,Student_69,29,Female,Chennai,30-04-2023,3.0,Loved the examples
S069,DM101,31-03-2024,45,56.68,Student_69,29,Female,Chennai,30-04-2023,,
S069,UX303,25-03-2024,132,57.29,Student_69,29,Female,Chennai,30-04-2023,,
S069,UX303,23-01-2024,127,92.09,Student_69,29,Female,Chennai,30-04-2023,,
S069,UX303,10-03-2024,100,70.83,Student_69,29,Female,Chennai,30-04-2023,,
S069,UX303,19-03-2024,133,27.3,Student_69,29,Female,Chennai,30-04-2023,,
S070,UX303,12-03-2024,86,30.24,Student_70,25,Male,Delhi,21-02-2023,,
S070,UX303,06-02-2024,63,72.12,Student_70,25,Male,Delhi,21-02-2023,,
S070,WD404,10-02-2024,132,41.39,Student_70,25,Male,Delhi,21-02-2023,,
S070,UX303,06-02-2024,41,61.61,Student_70,25,Male,Delhi,21-02-2023,,
S070,WD404,20-02-2024,98,95.91,Student_70,25,Male,Delhi,21-02-2023,,
S070,PY202,07-02-2024,20,35.89,Student_70,25,Male,Delhi,21-02-2023,,
S071,UX303,26-02-2024,177,33.08,Student_71,28,Female,Kolkata,14-07-2023,,
S071,WD404,28-01-2024,61,84.52,Student_71,28,Female,Kolkata,14-07-2023,2.0,Too fast-paced
S071,UX303,12-03-2024,79,22.35,Student_71,28,Female,Kolkata,14-07-2023,,
S071,PY202,01-02-2024,22,70.29,Student_71,28,Female,Kolkata,14-07-2023,,
S072,PY202,07-01-2024,35,47.2,Student_72,34,Female,Chennai,23-05-2023,,
S072,WD404,13-01-2024,45,10.47,Student_72,34,Female,Chennai,23-05-2023,,
S072,PY202,22-02-2024,177,94.15,Student_72,34,Female,Chennai,23-05-2023,,
S072,WD404,02-03-2024,176,27.95,Student_72,34,Female,Chennai,23-05-2023,,
S072,UX303,11-02-2024,83,68.13,Student_72,34,Female,Chennai,23-05-2023,5.0,Too fast-paced
S072,DM101,24-03-2024,156,30.9,Student_72,34,Female,Chennai,23-05-2023,,
S073,PY202,23-02-2024,55,94.05,Student_73,25,Other,Bangalore,21-08-2023,,
S073,DM101,20-02-2024,136,26.77,Student_73,25,Other,Bangalore,21-08-2023,,
S073,UX303,05-01-2024,12,36.86,Student_73,25,Other,Bangalore,21-08-2023,,
S074,UX303,06-02-2024,126,99.02,Student_74,20,Female,Delhi,22-11-2023,,
S074,WD404,18-01-2024,139,52.12,Student_74,20,Female,Delhi,22-11-2023,,
S074,PY202,15-01-2024,94,24.62,Student_74,20,Female,Delhi,22-11-2023,,
S074,WD404,23-03-2024,75,74.67,Student_74,20,Female,Delhi,22-11-2023,,
S075,UX303,07-02-2024,155,70.7,Student_75,20,Other,Delhi,06-07-2023,,
S075,PY202,23-01-2024,166,87.05,Student_75,20,Other,Delhi,06-07-2023,,
S075,WD404,24-02-2024,141,39.51,Student_75,20,Other,Delhi,06-07-2023,1.0,Well structured
S076,DM101,24-01-2024,45,52.97,Student_76,18,Male,Chennai,25-03-2023,,
S076,PY202,01-01-2024,76,44.52,Student_76,18,Male,Chennai,25-03-2023,,
S076,WD404,04-02-2024,94,37.18,Student_76,18,Male,Chennai,25-03-2023,5.0,Very helpful
S076,DM101,03-02-2024,177,42.36,Student_76,18,Male,Chennai,25-03-2023,,
S076,PY202,08-01-2024,180,20.64,Student_76,18,Male,Chennai,25-03-2023,,
S076,UX303,21-01-2024,113,71.75,Student_76,18,Male,Chennai,25-03-2023,,
S076,UX303,29-03-2024,40,67.48,Student_76,18,Male,Chennai,25-03-2023,,
S076,UX303,17-02-2024,167,29.88,Student_76,18,Male,Chennai,25-03-2023,,
S076,PY202,02-03-2024,49,50.95,Student_76,18,Male,Chennai,25-03-2023,,
S077,WD404,30-03-2024,150,92.15,Student_77,22,Male,Bangalore,09-07-2023,,
S077,PY202,01-02-2024,162,88.58,Student_77,22,Male,Bangalore,09-07-2023,5.0,Could be better
S077,DM101,08-03-2024,124,57.54,Student_77,22,Male,Bangalore,09-07-2023,,
S077,UX303,10-01-2024,154,20.1,Student_77,22,Male,Bangalore,09-07-2023,,
S077,PY202,14-03-2024,147,23.49,Student_77,22,Male,Bangalore,09-07-2023,5.0,Could be better
S077,UX303,07-03-2024,123,20.46,Student_77,22,Male,Bangalore,09-07-2023,,
S077,PY202,15-03-2024,135,18.18,Student_77,22,Male,Bangalore,09-07-2023,5.0,Could be better
S077,WD404,08-01-2024,126,21.87,Student_77,22,Male,Bangalore,09-07-2023,,
S078,WD404,13-03-2024,24,60.29,Student_78,27,Male,Bangalore,01-07-2023,,
S078,UX303,03-01-2024,111,32.9,Student_78,27,Male,Bangalore,01-07-2023,5.0,Needs improvement
S078,DM101,28-01-2024,158,16.57,Student_78,27,Male,Bangalore,01-07-2023,,
S078,WD404,14-02-2024,26,58.7,Student_78,27,Male,Bangalore,01-07-2023,,
S078,DM101,09-01-2024,130,12.86,Student_78,27,Male,Bangalore,01-07-2023,,
S078,WD404,24-01-2024,44,78.92,Student_78,27,Male,Bangalore,01-07-2023,,
S078,WD404,17-02-2024,107,50.37,Student_78,27,Male,Bangalore,01-07-2023,,
S078,WD404,18-02-2024,30,71.45,Student_78,27,Male,Bangalore,01-07-2023,,
S078,PY202,24-03-2024,99,20.68,Student_78,27,Male,Bangalore,01-07-2023,,
S079,PY202,29-01-2024,10,78.06,Student_79,24,Male,Kolkata,18-04-2023,,
S079,UX303,29-02-2024,149,48.17,Student_79,24,Male,Kolkata,18-04-2023,,
S079,WD404,30-01-2024,73,51.46,Student_79,24,Male,Kolkata,18-04-2023,,
S079,PY202,05-02-2024,58,94.37,Student_79,24,Male,Kolkata,18-04-2023,,
S079,DM101,05-01-2024,179,47.73,Student_79,24,Male,Kolkata,18-04-2023,,
S079,DM101,31-01-2024,62,16.06,Student_79,24,Male,Kolkata,18-04-2023,,
S079,DM101,27-02-2024,163,70.48,Student_79,24,Male,Kolkata,18-04-2023,,
S079,DM101,01-02-2024,21,46.2,Student_79,24,Male,Kolkata,18-04-2023,,
S079,PY202,10-03-2024,65,77.89,Student_79,24,Male,Kolkata,18-04-2023,,
S080,PY202,05-03-2024,84,31.07,Student_80,26,Other,Bangalore,10-12-2023,,
S080,UX303,14-03-2024,163,79.53,Student_80,26,Other,Bangalore,10-12-2023,,
S080,UX303,31-01-2024,87,88.86,Student_80,26,Other,Bangalore,10-12-2023,,
S081,WD404,08-02-2024,80,15.49,Student_81,24,Male,Bangalore,17-05-2023,,
S081,PY202,21-03-2024,119,60.03,Student_81,24,Male,Bangalore,17-05-2023,,
S081,DM101,14-02-2024,174,70.42,Student_81,24,Male,Bangalore,17-05-2023,4.0,Needs improvement
S081,UX303,30-03-2024,116,46.74,Student_81,24,Male,Bangalore,17-05-2023,,
S081,UX303,18-02-2024,57,77.9,Student_81,24,Male,Bangalore,17-05-2023,,
S081,WD404,31-01-2024,67,37.07,Student_81,24,Male,Bangalore,17-05-2023,,
S082,WD404,08-01-2024,153,47.14,Student_82,26,Female,Bangalore,26-12-2023,2.0,Too fast-paced
S082,WD404,12-03-2024,145,22.07,Student_82,26,Female,Bangalore,26-12-2023,2.0,Too fast-paced
S082,PY202,02-02-2024,62,39.72,Student_82,26,Female,Bangalore,26-12-2023,,
S082,DM101,27-02-2024,104,18.32,Student_82,26,Female,Bangalore,26-12-2023,,
S082,PY202,07-01-2024,78,43.95,Student_82,26,Female,Bangalore,26-12-2023,,
S083,DM101,25-01-2024,160,75.19,Student_83,25,Female,Mumbai,16-12-2023,5.0,Well structured
S083,PY202,02-03-2024,63,88.25,Student_83,25,Female,Mumbai,16-12-2023,,
S083,UX303,08-02-2024,13,29.06,Student_83,25,Female,Mumbai,16-12-2023,,
S084,DM101,02-03-2024,72,72.61,Student_84,29,Female,Kolkata,28-11-2023,,
S084,PY202,20-02-2024,71,59.69,Student_84,29,Female,Kolkata,28-11-2023,,
S084,UX303,18-02-2024,129,58.03,Student_84,29,Female,Kolkata,28-11-2023,,
S084,UX303,09-02-2024,76,42.37,Student_84,29,Female,Kolkata,28-11-2023,,
S084,WD404,29-02-2024,35,82.25,Student_84,29,Female,Kolkata,28-11-2023,,
S084,WD404,10-02-2024,62,43.36,Student_84,29,Female,Kolkata,28-11-2023,,
S085,DM101,13-03-2024,66,76.71,Student_85,19,Other,Delhi,06-02-2023,,
S085,DM101,03-02-2024,151,94.13,Student_85,19,Other,Delhi,06-02-2023,,
S085,WD404,07-02-2024,49,27.66,Student_85,19,Other,Delhi,06-02-2023,,
S085,PY202,18-02-2024,155,85.0,Student_85,19,Other,Delhi,06-02-2023,,
S085,WD404,11-03-2024,177,94.91,Student_85,19,Other,Delhi,06-02-2023,,
S085,UX303,02-02-2024,135,96.99,Student_85,19,Other,Delhi,06-02-2023,,
S085,WD404,28-02-2024,53,75.95,Student_85,19,Other,Delhi,06-02-2023,,
S085,UX303,22-01-2024,45,74.83,Student_85,19,Other,Delhi,06-02-2023,,
S085,WD404,24-01-2024,148,99.13,Student_85,19,Other,Delhi,06-02-2023,,
S086,DM101,10-01-2024,22,78.79,Student_86,18,Male,Chennai,08-11-2023,,
S086,WD404,18-01-2024,171,30.83,Student_86,18,Male,Chennai,08-11-2023,,
S086,PY202,02-01-2024,65,55.52,Student_86,18,Male,Chennai,08-11-2023,,
S087,DM101,20-03-2024,173,70.01,Student_87,33,Male,Delhi,22-11-2023,1.0,Well structured
S087,WD404,25-03-2024,134,11.42,Student_87,33,Male,Delhi,22-11-2023,,
S087,WD404,02-01-2024,14,57.65,Student_87,33,Male,Delhi,22-11-2023,,
S087,UX303,09-03-2024,83,11.54,Student_87,33,Male,Delhi,22-11-2023,,
S087,WD404,23-01-2024,37,92.62,Student_87,33,Male,Delhi,22-11-2023,,
S087,PY202,31-01-2024,59,65.78,Student_87,33,Male,Delhi,22-11-2023,,
S087,UX303,15-02-2024,78,81.54,Student_87,33,Male,Delhi,22-11-2023,,
S087,DM101,17-02-2024,113,51.31,Student_87,33,Male,Delhi,22-11-2023,1.0,Well structured
S088,PY202,08-02-2024,30,68.84,Student_88,22,Male,Kolkata,29-03-2023,,
S088,DM101,12-01-2024,113,44.13,Student_88,22,Male,Kolkata,29-03-2023,1.0,Too fast-paced
S088,WD404,08-01-2024,173,10.85,Student_88,22,Male,Kolkata,29-03-2023,,
S088,PY202,11-01-2024,137,86.08,Student_88,22,Male,Kolkata,29-03-2023,,
S088,UX303,13-03-2024,34,90.53,Student_88,22,Male,Kolkata,29-03-2023,,
S088,DM101,30-01-2024,64,91.11,Student_88,22,Male,Kolkata,29-03-2023,1.0,Too fast-paced
S089,UX303,06-01-2024,29,71.6,Student_89,20,Other,Chennai,01-10-2023,,
S089,UX303,10-03-2024,154,69.23,Student_89,20,Other,Chennai,01-10-2023,,
S089,PY202,10-02-2024,14,96.53,Student_89,20,Other,Chennai,01-10-2023,4.0,Excellent instructor
S089,PY202,20-02-2024,29,36.93,Student_89,20,Other,Chennai,01-10-2023,4.0,Excellent instructor
S089,PY202,13-03-2024,109,70.93,Student_89,20,Other,Chennai,01-10-2023,4.0,Excellent instructor
S089,UX303,19-02-2024,45,81.14,Student_89,20,Other,Chennai,01-10-2023,,
S089,DM101,05-03-2024,98,14.83,Student_89,20,Other,Chennai,01-10-2023,,
S089,WD404,30-01-2024,29,40.65,Student_89,20,Other,Chennai,01-10-2023,,
S089,WD404,11-02-2024,17,67.07,Student_89,20,Other,Chennai,01-10-2023,,
S089,WD404,03-03-2024,68,42.02,Student_89,20,Other,Chennai,01-10-2023,,
S090,WD404,24-01-2024,159,69.46,Student_90,29,Female,Kolkata,06-05-2023,,
S090,DM101,20-03-2024,85,81.82,Student_90,29,Female,Kolkata,06-05-2023,3.0,Well structured
S090,DM101,11-01-2024,78,23.88,Student_90,29,Female,Kolkata,06-05-2023,3.0,Well structured
S090,PY202,19-02-2024,91,42.46,Student_90,29,Female,Kolkata,06-05-2023,,
S090,DM101,01-01-2024,88,50.03,Student_90,29,Female,Kolkata,06-05-2023,3.0,Well structured
S090,UX303,14-01-2024,43,17.86,Student_90,29,Female,Kolkata,06-05-2023,,
S090,WD404,27-02-2024,152,59.93,Student_90,29,Female,Kolkata,06-05-2023,,
S090,WD404,14-01-2024,16,18.07,Student_90,29,Female,Kolkata,06-05-2023,,
S090,DM101,17-03-2024,163,80.6,Student_90,29,Female,Kolkata,06-05-2023,3.0,Well structured
S091,DM101,07-02-2024,115,44.9,Student_91,25,Female,Bangalore,25-03-2023,3.0,Very helpful
S091,DM101,12-03-2024,72,61.48,Student_91,25,Female,Bangalore,25-03-2023,3.0,Very helpful
S091,PY202,28-03-2024,107,25.26,Student_91,25,Female,Bangalore,25-03-2023,,
S091,UX303,08-02-2024,78,54.38,Student_91,25,Female,Bangalore,25-03-2023,,
S091,DM101,22-01-2024,121,34.84,Student_91,25,Female,Bangalore,25-03-2023,3.0,Very helpful
S091,UX303,02-03-2024,29,42.5,Student_91,25,Female,Bangalore,25-03-2023,,
S091,PY202,21-03-2024,136,63.44,Student_91,25,Female,Bangalore,25-03-2023,,
S091,PY202,28-02-2024,37,22.19,Student_91,25,Female,Bangalore,25-03-2023,,
S091,DM101,20-02-2024,95,85.75,Student_91,25,Female,Bangalore,25-03-2023,3.0,Very helpful
S092,UX303,26-02-2024,95,48.76,Student_92,20,Male,Chennai,25-08-2023,,
S092,PY202,08-02-2024,92,64.29,Student_92,20,Male,Chennai,25-08-2023,,
S092,PY202,02-03-2024,90,25.99,Student_92,20,Male,Chennai,25-08-2023,,
S092,WD404,10-02-2024,84,76.14,Student_92,20,Male,Chennai,25-08-2023,3.0,Well structured
S092,WD404,14-03-2024,72,39.33,Student_92,20,Male,Chennai,25-08-2023,3.0,Well structured
S092,UX303,20-02-2024,103,20.25,Student_92,20,Male,Chennai,25-08-2023,,
S092,PY202,16-03-2024,149,26.19,Student_92,20,Male,Chennai,25-08-2023,,
S092,DM101,29-02-2024,63,49.46,Student_92,20,Male,Chennai,25-08-2023,,
S092,UX303,29-03-2024,27,83.71,Student_92,20,Male,Chennai,25-08-2023,,
S093,WD404,18-01-2024,172,37.25,Student_93,18,Female,Bangalore,14-07-2023,,
S093,UX303,25-03-2024,49,74.37,Student_93,18,Female,Bangalore,14-07-2023,,
S093,WD404,10-01-2024,124,99.16,Student_93,18,Female,Bangalore,14-07-2023,,
S093,WD404,15-03-2024,112,58.09,Student_93,18,Female,Bangalore,14-07-2023,,
S093,WD404,10-03-2024,19,81.16,Student_93,18,Female,Bangalore,14-07-2023,,
S093,UX303,30-03-2024,147,63.44,Student_93,18,Female,Bangalore,14-07-2023,,
S093,DM101,14-01-2024,73,69.18,Student_93,18,Female,Bangalore,14-07-2023,1.0,Needs improvement
S093,UX303,22-01-2024,175,65.14,Student_93,18,Female,Bangalore,14-07-2023,,
S093,WD404,12-02-2024,120,19.54,Student_93,18,Female,Bangalore,14-07-2023,,
S094,UX303,29-01-2024,140,77.22,Student_94,20,Female,Delhi,19-05-2023,,
S094,PY202,27-02-2024,105,45.2,Student_94,20,Female,Delhi,19-05-2023,4.0,Well structured
S094,PY202,14-02-2024,16,53.45,Student_94,20,Female,Delhi,19-05-2023,4.0,Well structured
S094,UX303,23-02-2024,31,20.45,Student_94,20,Female,Delhi,19-05-2023,,
S095,UX303,09-02-2024,97,50.98,Student_95,22,Other,Delhi,24-11-2023,,
S095,PY202,07-03-2024,133,41.35,Student_95,22,Other,Delhi,24-11-2023,,
S095,DM101,26-02-2024,125,38.7,Student_95,22,Other,Delhi,24-11-2023,3.0,Too fast-paced
S095,UX303,06-01-2024,39,12.03,Student_95,22,Other,Delhi,24-11-2023,,
S095,UX303,23-03-2024,37,70.94,Student_95,22,Other,Delhi,24-11-2023,,
S096,PY202,07-03-2024,54,59.67,Student_96,32,Other,Chennai,19-12-2023,,
S096,UX303,12-03-2024,119,96.26,Student_96,32,Other,Chennai,19-12-2023,,
S096,PY202,21-02-2024,171,26.6,Student_96,32,Other,Chennai,19-12-2023,,
S096,WD404,20-02-2024,17,76.36,Student_96,32,Other,Chennai,19-12-2023,,
S096,PY202,27-02-2024,161,48.66,Student_96,32,Other,Chennai,19-12-2023,,
S097,PY202,27-01-2024,81,77.71,Student_97,31,Other,Chennai,13-10-2023,5.0,Loved the examples
S097,DM101,14-03-2024,36,81.96,Student_97,31,Other,Chennai,13-10-2023,,
S097,PY202,16-02-2024,93,27.74,Student_97,31,Other,Chennai,13-10-2023,5.0,Loved the examples
S098,UX303,26-03-2024,135,57.49,Student_98,20,Other,Kolkata,23-04-2023,,
S098,UX303,17-03-2024,109,65.02,Student_98,20,Other,Kolkata,23-04-2023,,
S098,DM101,14-02-2024,100,86.1,Student_98,20,Other,Kolkata,23-04-2023,,
S098,PY202,27-03-2024,86,92.68,Student_98,20,Other,Kolkata,23-04-2023,,
S099,PY202,10-02-2024,40,31.47,Student_99,18,Male,Kolkata,17-12-2023,,
S099,DM101,24-01-2024,105,72.41,Student_99,18,Male,Kolkata,17-12-2023,,
S099,WD404,23-02-2024,162,22.41,Student_99,18,Male,Kolkata,17-12-2023,5.0,Needs improvement
S099,WD404,24-02-2024,57,53.8,Student_99,18,Male,Kolkata,17-12-2023,5.0,Needs improvement
S100,PY202,03-03-2024,83,22.63,Student_100,22,Other,Bangalore,16-06-2023,,
S100,UX303,27-02-2024,168,14.83,Student_100,22,Other,Bangalore,16-06-2023,,
S100,UX303,02-01-2024,134,22.29,Student_100,22,Other,Bangalore,16-06-2023,,
S100,WD404,12-03-2024,139,68.78,Student_100,22,Other,Bangalore,16-06-2023,,
S100,WD404,28-03-2024,135,47.41,Student_100,22,Other,Bangalore,16-06-2023,,
